{
	"SMTPConfig": {
		"Host": "mail.wservices.ch",
		"Port": "587",
		"User": "rk@jdid.co",
		"Pass": "-",
		"From": "rk@jdid.co",
		"To": [
			"rk@jdid.co"
		]
	},
	"WatchList": [
		{
			"Search": "ferrari",
			"RadiusKM": 0,
			"Category": "voitures",
			"PriceMin": 0,
			"PriceMax": 0,
			"RawArgs": {
				"brd": "Ferrari",
				"mdl": "308"
			}
		}, {
			"Search": "iphone 6s",
			"RadiusKM": 50,
			"Category": "telephonie",
			"PriceMin": 8,
			"PriceMax": 9
		}, {
			"RawUrl": "https://www.leboncoin.fr/annonces/offres/provence_alpes_cote_d_azur/?q=banjo&location=Marseille"
		}
	],
	"PollIntervalMin": 10
}
